<?xml version="1.0" encoding="UTF-8"?>
<project-private xmlns="http://www.netbeans.org/ns/project-private/1">
    <editor-bookmarks xmlns="http://www.netbeans.org/ns/editor-bookmarks/2" lastBookmarkId="0"/>
    <open-files xmlns="http://www.netbeans.org/ns/projectui-open-files/2">
        <group>
            <file>file:/C:/Users/Junior%20Maza/Documents/NetBeansProjects/Estudiante1/src/estudiante1/Cuadrado.java</file>
            <file>file:/C:/Users/Junior%20Maza/Documents/NetBeansProjects/Estudiante1/src/estudiante1/PrincipalCuadrado.java</file>
            <file>file:/C:/Users/Junior%20Maza/Documents/NetBeansProjects/Estudiante1/src/estudiante1/Estudiante1.java</file>
            <file>file:/C:/Users/Junior%20Maza/Documents/NetBeansProjects/Estudiante1/src/estudiante1/Principal.java</file>
        </group>
    </open-files>
</project-private>
